"@BorisJohnson Los britÃ¡nicos fueron a las urnas ganaron y no tuvieron un traidor que negociara su voluntad, AHORA Sâ€¦ https://t.co/HNrNCwpwUg"
"Two days after #Brexit, #British officials pushed the #EuropeanUnion on Sunday for a #Canada-style free trade arranâ€¦ https://t.co/DZkZFYV0lw"
Whoops.\n#MINI #Brexit #CarGuidePH\nhttps://t.co/pfONvtCRqi
å…ˆç¨‹ã®å›ç­”ä¾‹ã§ã™ã€‚\n\nA: The UK has finally left the EU after three and a half years of political turmoil.\n\nfinally: ã¤ã„ã«\nturmoâ€¦ https://t.co/6ZHt8oWJsW
#NIEditorial à¤¯à¥‚à¤°à¥‹à¤ªà¥€à¤¯ à¤¸à¤‚à¤˜ à¤”à¤° à¤—à¥à¤°à¥‡à¤Ÿ à¤¬à¥à¤°à¤¿à¤Ÿà¥‡à¤¨ à¤•à¤¾ 31 à¤œà¤¨à¤µà¤°à¥€ à¤•à¥‹ à¤”à¤ªà¤šà¤¾à¤°à¤¿à¤• à¤¸à¤‚à¤¬à¤‚à¤§-à¤µà¤¿à¤šà¥à¤›à¥‡à¤¦ à¤¹à¥‹ à¤—à¤¯à¤¾ à¤¹à¥ˆà¥¤@DrVaidik \n#Britainâ€¦ https://t.co/otW9LYhBT7
Definitely not going to work tomorrow.  Monday after Super Bowl is a holiday if we all do it. #nowork #protestâ€¦ https://t.co/lYoQj4sz79
Brexit et voyages scolaires https://t.co/q9KT2pi5Ds @eduscol_LV @La_Cle_ANGLAISE @acgrenoble #Brexit #Voyage https://t.co/SCfC79VZcQ
"E um papelzinho, um X, etiquetas, bÃ³ton, camiseta, deram o inÃ­cio... quem queria o #brexitğŸ‡ªğŸ‡º investiu mais!â€¦ https://t.co/vbVDAX4hK8"
ÎšÎ±Î»Î·Î¼Î­ÏÎ± ÎºÎ±Î¹ ÎºÎ±Î»Î® ÎµÎ²Î´Î¿Î¼Î¬Î´Î± ğŸ™‚ Î£Ï„Î¹Ï‚ 07:15 ÏƒÏ…Î¶Î·Ï„Î¿ÏÎ¼Îµ ÏƒÏ„Î¿ Alpha TV ALPHA ÎšÎ±Î»Î·Î¼Î­ÏÎ± Î³Î¹Î± Ï„Î¿ #brexit https://t.co/24DKXoupuz
Well would you look at that....ğŸ´ó §ó ¢ó ¥ó ®ó §ó ¿ğŸ´ó §ó ¢ó ³ó £ó ´ó ¿ğŸ‡¬ğŸ‡§â¤â¤â¤ #Brexit #Winning #Scotland
